sample_size,trials,total_runtime_s,avg_trial_time_s,throughput_trials_per_min,success_rate,successful,failed,best_accuracy,pruned_trials
350,20,78.180862225,3.90,15.34,1.0000,20,00,-1.525714537820022e-06,00
450,20,88.715534093,4.43,13.52,1.0000,20,00,-1.5533337318629492e-06,00
550,20,81.809677797,4.09,14.66,1.0000,20,00,-1.5836366173971328e-06,00
650,20,91.918530066,4.59,13.05,1.0000,20,00,-1.6323079989888356e-06,00
750,20,97.988317680,4.89,12.24,1.0000,20,00,-1.764000217008288e-06,00
