sample_size,trials,total_runtime_s,avg_trial_time_s,throughput_trials_per_min,success_rate,successful,failed,best_accuracy,pruned_trials
350,20,80.096845683,4.00,14.98,1.0000,20,00,-2.194286025769543e-06,00
450,20,77.825940492,3.89,15.41,1.0000,20,00,-2.088889232254587e-06,00
550,20,81.838022476,4.09,14.66,1.0000,20,00,-2.040000254055485e-06,00
650,20,91.325184658,4.56,13.13,1.0000,20,00,-1.998461812036112e-06,00
750,20,96.326234704,4.81,12.45,1.0000,20,00,-2.069333504550741e-06,00
