{
  "residue_mod_1": 12,
  "residue_mod_2": 142,
  "residue_mod_3": 1218,
  "max_offset": 13,
  "temporal_window_size": 69,
  "temporal_num_windows": 5,
  "min_confidence_threshold": 0.09076064993428433,
  "hidden_layers": "256_128_64",
  "dropout": 0.2682317145390792,
  "learning_rate": 0.0006386791484051411,
  "batch_size": 128
}