{
  "residue_mod_1": 8,
  "residue_mod_2": 86,
  "residue_mod_3": 970,
  "max_offset": 6,
  "temporal_window_size": 60,
  "temporal_num_windows": 10,
  "min_confidence_threshold": 0.20634311783941778,
  "hidden_layers": "128_64",
  "dropout": 0.23519033326410288,
  "learning_rate": 0.0089481818502648,
  "batch_size": 32
}