{
  "residue_mod_1": 6,
  "residue_mod_2": 137,
  "residue_mod_3": 621,
  "max_offset": 5,
  "temporal_window_size": 68,
  "temporal_num_windows": 5,
  "min_confidence_threshold": 0.12189234175772407,
  "hidden_layers": "512_256_128",
  "dropout": 0.14862054532577285,
  "learning_rate": 0.0003650144150661375,
  "batch_size": 64
}