{
  "residue_mod_1": 20,
  "residue_mod_2": 50,
  "residue_mod_3": 630,
  "max_offset": 10,
  "temporal_window_size": 66,
  "temporal_num_windows": 10,
  "min_confidence_threshold": 0.1615239911556533,
  "hidden_layers": "128_64",
  "dropout": 0.418741022764217,
  "learning_rate": 0.00011419437784158752,
  "batch_size": 32
}