{
  "residue_mod_1": 9,
  "residue_mod_2": 62,
  "residue_mod_3": 988,
  "max_offset": 11,
  "temporal_window_size": 50,
  "temporal_num_windows": 3,
  "min_confidence_threshold": 0.0886017194025201,
  "hidden_layers": "128_64",
  "dropout": 0.16758718890597182,
  "learning_rate": 0.008446803412352911,
  "batch_size": 32
}