{
  "residue_mod_1": 17,
  "residue_mod_2": 118,
  "residue_mod_3": 586,
  "max_offset": 4,
  "temporal_window_size": 99,
  "temporal_num_windows": 10,
  "min_confidence_threshold": 0.0919365096371752,
  "hidden_layers": "256_128_64",
  "dropout": 0.22787104821108062,
  "learning_rate": 0.0008643875689898064,
  "batch_size": 128
}