{
  "residue_mod_1": 9,
  "residue_mod_2": 107,
  "residue_mod_3": 1282,
  "max_offset": 14,
  "temporal_window_size": 75,
  "temporal_num_windows": 4,
  "min_confidence_threshold": 0.12580442437641903,
  "hidden_layers": "256_128_64",
  "dropout": 0.47440406151605663,
  "learning_rate": 0.00014636025329719244,
  "batch_size": 32
}