{
  "residue_mod_1": 15,
  "residue_mod_2": 70,
  "residue_mod_3": 1431,
  "max_offset": 14,
  "temporal_window_size": 74,
  "temporal_num_windows": 10,
  "min_confidence_threshold": 0.18881244329054103,
  "hidden_layers": "512_256_128",
  "dropout": 0.20408443044370939,
  "learning_rate": 0.00013157072171557838,
  "batch_size": 32
}