{
  "residue_mod_1": 18,
  "residue_mod_2": 104,
  "residue_mod_3": 889,
  "max_offset": 8,
  "temporal_window_size": 69,
  "temporal_num_windows": 6,
  "min_confidence_threshold": 0.20098264661428628,
  "hidden_layers": "512_256_128",
  "dropout": 0.3072095393418547,
  "learning_rate": 0.003233819641389804,
  "batch_size": 32
}