{
  "residue_mod_1": 18,
  "residue_mod_2": 86,
  "residue_mod_3": 815,
  "max_offset": 11,
  "temporal_window_size": 63,
  "temporal_num_windows": 10,
  "min_confidence_threshold": 0.10838923926386378,
  "hidden_layers": "512_256_128",
  "dropout": 0.3024242952845074,
  "learning_rate": 0.0021443946338758715,
  "batch_size": 32
}