{
  "residue_mod_1": 8,
  "residue_mod_2": 53,
  "residue_mod_3": 1205,
  "max_offset": 5,
  "temporal_window_size": 80,
  "temporal_num_windows": 10,
  "min_confidence_threshold": 0.16328861529785055,
  "hidden_layers": "128_64",
  "dropout": 0.2903321547699099,
  "learning_rate": 0.00037018237226455874,
  "batch_size": 128
}