{
  "residue_mod_1": 10,
  "residue_mod_2": 131,
  "residue_mod_3": 1475,
  "max_offset": 15,
  "temporal_window_size": 65,
  "temporal_num_windows": 3,
  "min_confidence_threshold": 0.11698178900695902,
  "hidden_layers": "512_256_128",
  "dropout": 0.44235536922617735,
  "learning_rate": 0.0013614571267972005,
  "batch_size": 128
}