{
  "residue_mod_1": 18,
  "residue_mod_2": 115,
  "residue_mod_3": 1132,
  "max_offset": 12,
  "temporal_window_size": 58,
  "temporal_num_windows": 4,
  "min_confidence_threshold": 0.08316103194495184,
  "hidden_layers": "512_256_128",
  "dropout": 0.2988131462775115,
  "learning_rate": 0.0026727934582599974,
  "batch_size": 64
}