iter	RMSE
0	0.001001148262
1	0.001000951455
2	0.001000867666
3	0.001000713153
4	0.00100054654
5	0.001000356576
6	0.001000146937
7	0.0009999870148
8	0.0009997368737
9	0.0009996165432
10	0.000999470591
11	0.0009993920384
12	0.0009992820305
13	0.0009991851456
14	0.0009990586122
15	0.0009988909486
16	0.0009986348708
17	0.0009984556011
18	0.0009983442678
19	0.0009981616066
20	0.0009980876919
21	0.000997961407
22	0.0009978527624
23	0.0009977226895
24	0.0009976043832
25	0.0009974703694
