iter	RMSE
0	0.0009994264937
1	0.0009993156469
2	0.0009992141642
3	0.0009990903189
4	0.0009989962452
5	0.0009989285303
6	0.00099881049
7	0.0009987016989
8	0.0009986033991
9	0.0009985315268
10	0.0009984316168
11	0.0009983445637
12	0.0009982985847
13	0.0009981785809
14	0.0009981338931
15	0.0009980403787
16	0.0009979357549
17	0.0009978470051
18	0.0009977634443
19	0.0009976921611
20	0.0009976180968
