iter	RMSE
0	0.0009983159151
1	0.0009975656913
2	0.0009964749621
3	0.0009958890805
4	0.000995406489
5	0.0009945334414
6	0.0009938862646
7	0.0009930305809
8	0.0009924963937
9	0.0009918887949
10	0.0009912252681
11	0.0009907469857
12	0.0009903651105
13	0.0009894589045
14	0.0009882917285
15	0.0009878957048
16	0.000987573207
17	0.0009872730103
18	0.0009863699243
19	0.000985962383
20	0.0009850999347
