iter	RMSE
0	0.0010047515
1	0.001004460948
2	0.001004334131
3	0.001004187383
4	0.001004042392
5	0.001003946767
6	0.001003769839
7	0.001003509549
8	0.001003342155
9	0.001003131835
10	0.001003008707
11	0.001002851794
12	0.001002705303
13	0.00100257209
14	0.00100233263
15	0.001002086638
16	0.001001952095
17	0.00100169365
18	0.001001535223
19	0.001001396386
20	0.001001262286
21	0.001001107477
22	0.001000988738
23	0.00100085262
